<problem-meta><localized-names><key>ru</key><value>Сумма квадратов [Numpy]</value></localized-names><localized-names><key>en</key><value>get_squares</value></localized-names><author>Biryukov-151-2</author><invocation-limits><time-limit-millis>1100</time-limit-millis><idleness-limit-millis>10000</idleness-limit-millis><memory-limit>67108864</memory-limit><output-limit>67108864</output-limit></invocation-limits><test-sets><key>1</key><value><from>1</from><to>1</to><example>true</example></value></test-sets><test-sets><key>2</key><value><from>1</from><to>5</to><example>false</example></value></test-sets><max-source-size-bytes>262144</max-source-size-bytes><author-solution-file2-compiler-id><key>43641-get_squares.py</key><value>gcc0x</value></author-solution-file2-compiler-id><checker-settings><entry-point-file>checker.py</entry-point-file><type>ejudge-exitcode-checker</type><invocation-limits><time-limit-millis>10000</time-limit-millis><idleness-limit-millis>10000</idleness-limit-millis><memory-limit>268435456</memory-limit><output-limit>268435456</output-limit></invocation-limits></checker-settings><problem-type>problem-with-checker</problem-type><test-file-type>text</test-file-type><default-locale>ru</default-locale><file-set><input-file>input.txt</input-file><output-file>output.txt</output-file><redirect-stdin>true</redirect-stdin><redirect-stdout>true</redirect-stdout></file-set></problem-meta>