{"localizedNames":{"ru":"Сумма квадратов [Numpy]","en":"get_squares"},"author":"Biryukov-151-2","invocationLimits":{"timeLimitMillis":1100,"idlenessLimitMillis":10000,"memoryLimit":67108864,"outputLimit":67108864},"testSets":{"1":{"from":1,"to":1,"example":true},"2":{"from":1,"to":5,"example":false}},"perCompilerInvocationLimits":{},"maxSourceSizeBytes":262144,"authorSolutionFile2CompilerId":{"43641-get_squares.py":"gcc0x"},"checkerSettings":{"processEnvironment":{},"entryPointFile":"checker.py","type":"ejudge-exitcode-checker","invocationLimits":{"timeLimitMillis":10000,"idlenessLimitMillis":10000,"memoryLimit":268435456,"outputLimit":268435456}},"problemType":"problem-with-checker","testFileType":"text","generatorLaunchers":[],"defaultLocale":"ru","fileSet":{"inputFile":"input.txt","outputFile":"output.txt","redirectStdin":true,"redirectStdout":true}}